bug_id,repo_id,gt_file_path
SB000001,seanpm2001_SNU_2D_ProgrammingTools_IDE_COBOL,seanpm2001_SNU_2D_ProgrammingTools_IDE_COBOL/PROJECT_LANG_1.cob
SB000002,seanpm2001_SNU_2D_ProgrammingTools_IDE_COBOL,seanpm2001_SNU_2D_ProgrammingTools_IDE_COBOL/HelloWorld_V1.cbl
SB000003,seanpm2001_SNU_2D_ProgrammingTools_IDE_COBOL,seanpm2001_SNU_2D_ProgrammingTools_IDE_COBOL/HelloWorld_V1.cbl
SB000004,seanpm2001_SNU_2D_ProgrammingTools_IDE_COBOL,seanpm2001_SNU_2D_ProgrammingTools_IDE_COBOL/ProcedureDivision_V1.cob
SB000005,Martinfx_Cobol,Martinfx_Cobol/DateAndTime.cbl
SB000006,Martinfx_Cobol,Martinfx_Cobol/core_basic_window.cbl
SB000007,Martinfx_Cobol,Martinfx_Cobol/OpenFileRecordKey.cbl
SB000008,Martinfx_Cobol,Martinfx_Cobol/Hello_SQLITE.cbl
SB000009,Martinfx_Cobol,Martinfx_Cobol/Hello_SQLITE.cbl
SB000010,Martinfx_Cobol,Martinfx_Cobol/String.cbl
SB000011,Martinfx_Cobol,Martinfx_Cobol/String.cbl
SB000012,Martinfx_Cobol,Martinfx_Cobol/ConditionStatement.cbl
SB000013,Martinfx_Cobol,Martinfx_Cobol/ForLoop.cbl
SB000014,Martinfx_Cobol,Martinfx_Cobol/SignCondition.cbl
SB000015,Martinfx_Cobol,Martinfx_Cobol/SequentialRead.cbl
SB000016,Martinfx_Cobol,Martinfx_Cobol/SequentialRead.cbl
SB000017,Martinfx_Cobol,Martinfx_Cobol/ConditionNameCondition.cbl
SB000018,Martinfx_Cobol,Martinfx_Cobol/ConditionNameCondition.cbl
SB000019,Martinfx_Cobol,Martinfx_Cobol/NegatedCondition.cbl
SB000020,Martinfx_Cobol,Martinfx_Cobol/RandomBingo.cbl
SB000021,Martinfx_Cobol,Martinfx_Cobol/CombinedConditions.cbl
SB000022,Martinfx_Cobol,Martinfx_Cobol/Struct.cbl
SB000023,Martinfx_Cobol,Martinfx_Cobol/Struct.cbl
SB000024,Martinfx_Cobol,Martinfx_Cobol/ClassCondition.cbl
SB000025,Martinfx_Cobol,Martinfx_Cobol/EvaluteVerb.cbl
SB000026,Martinfx_Cobol,Martinfx_Cobol/InsertSort.cbl
SB000027,Martinfx_Cobol,Martinfx_Cobol/core_random_values.cbl
SB000028,Martinfx_Cobol,Martinfx_Cobol/OpenFileSequential.cbl
SB000029,Martinfx_Cobol,Martinfx_Cobol/OpenFileSequential.cbl
SB000030,Martinfx_Cobol,Martinfx_Cobol/RandomNumbers.cbl
SB000031,Martinfx_Cobol,Martinfx_Cobol/RandomNumbers.cbl
SB000032,Martinfx_Cobol,Martinfx_Cobol/HelloWorld.cbl
SB000033,Martinfx_Cobol,Martinfx_Cobol/StatusCode.cbl
SB000034,Martinfx_Cobol,Martinfx_Cobol/StatusCode.cbl
SB000035,Martinfx_Cobol,Martinfx_Cobol/SelectSort.cbl
SB000036,Martinfx_Cobol,Martinfx_Cobol/Address.cbl
SB000037,Martinfx_Cobol,Martinfx_Cobol/RelationCondition.cbl
SB000038,Martinfx_Cobol,Martinfx_Cobol/Pointer.cbl
SB000039,Martinfx_Cobol,Martinfx_Cobol/Pointer.cbl
SB000040,Martinfx_Cobol,Martinfx_Cobol/While.cbl
SB000041,Martinfx_Cobol,Martinfx_Cobol/BubbleSort.cbl
SB000042,Martinfx_Cobol,Martinfx_Cobol/BubbleSort.cbl
SB000043,GaloisGirl_Coding,GaloisGirl_Coding/d10b.cob
SB000044,GaloisGirl_Coding,GaloisGirl_Coding/d10b.cob
SB000045,GaloisGirl_Coding,GaloisGirl_Coding/d15a.cob
SB000046,GaloisGirl_Coding,GaloisGirl_Coding/d15a.cob
SB000047,GaloisGirl_Coding,GaloisGirl_Coding/d17a.cob
SB000048,GaloisGirl_Coding,GaloisGirl_Coding/d17a.cob
SB000049,GaloisGirl_Coding,GaloisGirl_Coding/d08b.cob
SB000050,GaloisGirl_Coding,GaloisGirl_Coding/d08b.cob
SB000051,GaloisGirl_Coding,GaloisGirl_Coding/d01a.cob
SB000052,GaloisGirl_Coding,GaloisGirl_Coding/d12b.cob
SB000053,GaloisGirl_Coding,GaloisGirl_Coding/d23a.cob
SB000054,GaloisGirl_Coding,GaloisGirl_Coding/d21a.cob
SB000055,GaloisGirl_Coding,GaloisGirl_Coding/d21a.cob
SB000056,GaloisGirl_Coding,GaloisGirl_Coding/d15b.cob
SB000057,GaloisGirl_Coding,GaloisGirl_Coding/d15b.cob
SB000058,GaloisGirl_Coding,GaloisGirl_Coding/d02b.cob
SB000059,GaloisGirl_Coding,GaloisGirl_Coding/d16b.cob
SB000060,GaloisGirl_Coding,GaloisGirl_Coding/d13a.cob
SB000061,GaloisGirl_Coding,GaloisGirl_Coding/d14b.cob
SB000062,GaloisGirl_Coding,GaloisGirl_Coding/d14b.cob
SB000063,GaloisGirl_Coding,GaloisGirl_Coding/d23b.cob
SB000064,GaloisGirl_Coding,GaloisGirl_Coding/d12a.cob
SB000065,GaloisGirl_Coding,GaloisGirl_Coding/d07b.cob
SB000066,GaloisGirl_Coding,GaloisGirl_Coding/d07b.cob
SB000067,GaloisGirl_Coding,GaloisGirl_Coding/d05a.cob
SB000068,GaloisGirl_Coding,GaloisGirl_Coding/d08a.cob
SB000069,GaloisGirl_Coding,GaloisGirl_Coding/d10a.cob
SB000070,GaloisGirl_Coding,GaloisGirl_Coding/d10a.cob
SB000071,GaloisGirl_Coding,GaloisGirl_Coding/d25a.cob
SB000072,GaloisGirl_Coding,GaloisGirl_Coding/d25a.cob
SB000073,GaloisGirl_Coding,GaloisGirl_Coding/d11b.cob
SB000074,GaloisGirl_Coding,GaloisGirl_Coding/d06b.cob
SB000075,GaloisGirl_Coding,GaloisGirl_Coding/d06b.cob
SB000076,GaloisGirl_Coding,GaloisGirl_Coding/d03a.cob
SB000077,GaloisGirl_Coding,GaloisGirl_Coding/d04b.cob
SB000078,GaloisGirl_Coding,GaloisGirl_Coding/d13b.cob
SB000079,GaloisGirl_Coding,GaloisGirl_Coding/d04a.cob
SB000080,GaloisGirl_Coding,GaloisGirl_Coding/d22a.cob
SB000081,GaloisGirl_Coding,GaloisGirl_Coding/d22a.cob
SB000082,GaloisGirl_Coding,GaloisGirl_Coding/d02a.cob
SB000083,GaloisGirl_Coding,GaloisGirl_Coding/d02a.cob
SB000084,GaloisGirl_Coding,GaloisGirl_Coding/d11a.cob
SB000085,GaloisGirl_Coding,GaloisGirl_Coding/d11a.cob
SB000086,GaloisGirl_Coding,GaloisGirl_Coding/d14a.cob
SB000087,GaloisGirl_Coding,GaloisGirl_Coding/d14a.cob
SB000088,GaloisGirl_Coding,GaloisGirl_Coding/d03b.cob
SB000089,GaloisGirl_Coding,GaloisGirl_Coding/d03b.cob
SB000090,GaloisGirl_Coding,GaloisGirl_Coding/d06a.cob
SB000091,GaloisGirl_Coding,GaloisGirl_Coding/d09a.cob
SB000092,GaloisGirl_Coding,GaloisGirl_Coding/d16a.cob
SB000093,GaloisGirl_Coding,GaloisGirl_Coding/d16a.cob
SB000094,GaloisGirl_Coding,GaloisGirl_Coding/d07a.cob
SB000095,GaloisGirl_Coding,GaloisGirl_Coding/d07a.cob
SB000096,GaloisGirl_Coding,GaloisGirl_Coding/d05b.cob
SB000097,GaloisGirl_Coding,GaloisGirl_Coding/d05b.cob
SB000098,GaloisGirl_Coding,GaloisGirl_Coding/d09b.cob
SB000099,GaloisGirl_Coding,GaloisGirl_Coding/d09b.cob
SB000100,GaloisGirl_Coding,GaloisGirl_Coding/d01b.cob
SB000101,GaloisGirl_Coding,GaloisGirl_Coding/d01b.cob
SB000102,GaloisGirl_Coding,GaloisGirl_Coding/d17b.cob
SB000103,bhbandam_AZ-Legacy-Engineering,bhbandam_AZ-Legacy-Engineering/wtiaddc.cbl
SB000104,bhbandam_AZ-Legacy-Engineering,bhbandam_AZ-Legacy-Engineering/wbgetbal.cbl
SB000105,bhbandam_AZ-Legacy-Engineering,bhbandam_AZ-Legacy-Engineering/wbgetbal.cbl
SB000106,bhbandam_AZ-Legacy-Engineering,bhbandam_AZ-Legacy-Engineering/mscmtics.cbl
SB000107,bhbandam_AZ-Legacy-Engineering,bhbandam_AZ-Legacy-Engineering/mscmtics.cbl
SB000108,bhbandam_AZ-Legacy-Engineering,bhbandam_AZ-Legacy-Engineering/wtiscusi.cbl
SB000109,bhbandam_AZ-Legacy-Engineering,bhbandam_AZ-Legacy-Engineering/wtiscusi.cbl
SB000110,bhbandam_AZ-Legacy-Engineering,bhbandam_AZ-Legacy-Engineering/wbgcash.cbl
SB000111,bhbandam_AZ-Legacy-Engineering,bhbandam_AZ-Legacy-Engineering/wtiadda.cbl
SB000112,bhbandam_AZ-Legacy-Engineering,bhbandam_AZ-Legacy-Engineering/wgrvadda.cbl
SB000113,bhbandam_AZ-Legacy-Engineering,bhbandam_AZ-Legacy-Engineering/wgrvaddc.cbl
SB000114,bhbandam_AZ-Legacy-Engineering,bhbandam_AZ-Legacy-Engineering/wgrvaddc.cbl
SB000115,bhbandam_AZ-Legacy-Engineering,bhbandam_AZ-Legacy-Engineering/wgrvgbal.cbl
SB000116,bhbandam_AZ-Legacy-Engineering,bhbandam_AZ-Legacy-Engineering/wbgstmt.cbl
SB000117,bhbandam_AZ-Legacy-Engineering,bhbandam_AZ-Legacy-Engineering/wbgstmt.cbl
SB000118,bhbandam_AZ-Legacy-Engineering,bhbandam_AZ-Legacy-Engineering/wbxfer.cbl
SB000119,bhbandam_AZ-Legacy-Engineering,bhbandam_AZ-Legacy-Engineering/wgrvgacc.cbl
SB000120,bhbandam_AZ-Legacy-Engineering,bhbandam_AZ-Legacy-Engineering/wgrvgacc.cbl
SB000121,bhbandam_AZ-Legacy-Engineering,bhbandam_AZ-Legacy-Engineering/wgrvgdet.cbl
SB000122,bhbandam_AZ-Legacy-Engineering,bhbandam_AZ-Legacy-Engineering/wbvalusr.cbl
SB000123,bhbandam_AZ-Legacy-Engineering,bhbandam_AZ-Legacy-Engineering/wbvalusr.cbl
SB000124,bhbandam_AZ-Legacy-Engineering,bhbandam_AZ-Legacy-Engineering/wtigstmt.cbl
SB000125,bhbandam_AZ-Legacy-Engineering,bhbandam_AZ-Legacy-Engineering/wtigacc.cbl
SB000126,bhbandam_AZ-Legacy-Engineering,bhbandam_AZ-Legacy-Engineering/wgrvcusl.cbl
SB000127,bhbandam_AZ-Legacy-Engineering,bhbandam_AZ-Legacy-Engineering/wgrvgcus.cbl
SB000128,bhbandam_AZ-Legacy-Engineering,bhbandam_AZ-Legacy-Engineering/wgrvgcus.cbl
SB000129,bhbandam_AZ-Legacy-Engineering,bhbandam_AZ-Legacy-Engineering/wtigcusi.cbl
SB000130,bhbandam_AZ-Legacy-Engineering,bhbandam_AZ-Legacy-Engineering/wtigcusi.cbl
SB000131,bhbandam_AZ-Legacy-Engineering,bhbandam_AZ-Legacy-Engineering/wtigbal.cbl
SB000132,bhbandam_AZ-Legacy-Engineering,bhbandam_AZ-Legacy-Engineering/wtigbal.cbl
SB000133,bhbandam_AZ-Legacy-Engineering,bhbandam_AZ-Legacy-Engineering/wbgetacc.cbl
SB000134,bhbandam_AZ-Legacy-Engineering,bhbandam_AZ-Legacy-Engineering/wbgetacc.cbl
SB000135,IBM_example-health-apis,IBM_example-health-apis/HCMABA01.cbl
SB000136,IBM_example-health-apis,IBM_example-health-apis/HCMABA01.cbl
SB000137,IBM_example-health-apis,IBM_example-health-apis/HCV1BA01.cbl
SB000138,IBM_example-health-apis,IBM_example-health-apis/HCV1BA01.cbl
SB000139,IBM_example-health-apis,IBM_example-health-apis/HCAZERRS.cbl
SB000140,IBM_example-health-apis,IBM_example-health-apis/HCP1BI01.cbl
SB000141,IBM_example-health-apis,IBM_example-health-apis/HCP1BA01.cbl
SB000142,IBM_example-health-apis,IBM_example-health-apis/HCP1BA01.cbl
SB000143,IBM_example-health-apis,IBM_example-health-apis/HCIPDB01.cbl
SB000144,IBM_example-health-apis,IBM_example-health-apis/HCIPDB01.cbl
SB000145,IBM_example-health-apis,IBM_example-health-apis/HCT1PL01.cbl
SB000146,IBM_example-health-apis,IBM_example-health-apis/HCV1BI01.cbl
SB000147,IBM_example-health-apis,IBM_example-health-apis/HCV1BI01.cbl
SB000148,IBM_example-health-apis,IBM_example-health-apis/HCV1PL01.cbl
SB000149,IBM_example-health-apis,IBM_example-health-apis/HCAPDB02.cbl
SB000150,IBM_example-health-apis,IBM_example-health-apis/HCMAPL01.cbl
SB000151,IBM_example-health-apis,IBM_example-health-apis/HCITDB01.cbl
SB000152,IBM_example-health-apis,IBM_example-health-apis/HCM1PL01.cbl
SB000153,IBM_example-health-apis,IBM_example-health-apis/HCM1PL01.cbl
SB000154,IBM_example-health-apis,IBM_example-health-apis/HCAVDB01.cbl
SB000155,IBM_example-health-apis,IBM_example-health-apis/HCMADB01.cbl
SB000156,IBM_example-health-apis,IBM_example-health-apis/HCTRESTW.cbl
SB000157,IBM_example-health-apis,IBM_example-health-apis/HCTRESTW.cbl
SB000158,IBM_example-health-apis,IBM_example-health-apis/HCM1BI01.cbl
SB000159,IBM_example-health-apis,IBM_example-health-apis/HCM1BI01.cbl
SB000160,IBM_example-health-apis,IBM_example-health-apis/HCMADB02.cbl
SB000161,IBM_example-health-apis,IBM_example-health-apis/HCP1BU01.cbl
SB000162,IBM_example-health-apis,IBM_example-health-apis/HCP1BU01.cbl
SB000163,IBM_example-health-apis,IBM_example-health-apis/HCP1PL01.cbl
SB000164,IBM_example-health-apis,IBM_example-health-apis/HCP1PL01.cbl
SB000165,IBM_example-health-apis,IBM_example-health-apis/HCIMDB01.cbl
SB000166,IBM_example-health-apis,IBM_example-health-apis/HCAPDB01.cbl
SB000167,IBM_example-health-apis,IBM_example-health-apis/HCAPDB01.cbl
SB000168,IBM_example-health-apis,IBM_example-health-apis/HCATDB01.cbl
SB000169,IBM_example-health-apis,IBM_example-health-apis/HCATDB01.cbl
SB000170,IBM_example-health-apis,IBM_example-health-apis/HCAZMENU.cbl
SB000171,IBM_example-health-apis,IBM_example-health-apis/HCPRESTW.cbl
SB000172,IBM_example-health-apis,IBM_example-health-apis/HCPRESTW.cbl
SB000173,IBM_example-health-apis,IBM_example-health-apis/HCMRESTW.cbl
SB000174,IBM_example-health-apis,IBM_example-health-apis/HCMRESTW.cbl
SB000175,IBM_example-health-apis,IBM_example-health-apis/HCIVDB01.cbl
SB000176,IBM_example-health-apis,IBM_example-health-apis/HCT1BA01.cbl
SB000177,IBM_example-health-apis,IBM_example-health-apis/HCT1BA01.cbl
SB000178,IBM_example-health-apis,IBM_example-health-apis/HCT1BI01.cbl
SB000179,IBM_example-health-apis,IBM_example-health-apis/HCT1BI01.cbl
SB000180,ve3wwg_cobcurses,ve3wwg_cobcurses/unloadtm.cob
SB000181,ve3wwg_cobcurses,ve3wwg_cobcurses/sdgenfiles.cob
SB000182,ve3wwg_cobcurses,ve3wwg_cobcurses/sdgenfiles.cob
SB000183,ve3wwg_cobcurses,ve3wwg_cobcurses/test008.cob
SB000184,ve3wwg_cobcurses,ve3wwg_cobcurses/test008.cob
SB000185,ve3wwg_cobcurses,ve3wwg_cobcurses/cobcurses_format_comp1.cob
SB000186,ve3wwg_cobcurses,ve3wwg_cobcurses/test002.cob
SB000187,ve3wwg_cobcurses,ve3wwg_cobcurses/test002.cob
SB000188,ve3wwg_cobcurses,ve3wwg_cobcurses/sd002050.cob
SB000189,ve3wwg_cobcurses,ve3wwg_cobcurses/test011.cob
SB000190,ve3wwg_cobcurses,ve3wwg_cobcurses/test011.cob
SB000191,ve3wwg_cobcurses,ve3wwg_cobcurses/cobcurses_sci_notation_comp_1.cob
SB000192,ve3wwg_cobcurses,ve3wwg_cobcurses/template_screen.cob
SB000193,ve3wwg_cobcurses,ve3wwg_cobcurses/cobcurses_menu_sd_menu_items.cob
SB000194,ve3wwg_cobcurses,ve3wwg_cobcurses/sd002000.cob
SB000195,ve3wwg_cobcurses,ve3wwg_cobcurses/sd002000.cob
SB000196,ve3wwg_cobcurses,ve3wwg_cobcurses/loadtm.cob
SB000197,ve3wwg_cobcurses,ve3wwg_cobcurses/loadtm.cob
SB000198,ve3wwg_cobcurses,ve3wwg_cobcurses/sd002040.cob
SB000199,ve3wwg_cobcurses,ve3wwg_cobcurses/assoc_api.cob
SB000200,ve3wwg_cobcurses,ve3wwg_cobcurses/assoc_api.cob
SB000201,ve3wwg_cobcurses,ve3wwg_cobcurses/sd002080.cob
SB000202,ve3wwg_cobcurses,ve3wwg_cobcurses/cobcurses_edit_comp1.cob
SB000203,ve3wwg_cobcurses,ve3wwg_cobcurses/EDPR010.cob
SB000204,ve3wwg_cobcurses,ve3wwg_cobcurses/testcurses.cob
SB000205,ve3wwg_cobcurses,ve3wwg_cobcurses/cobcurses_format_comp2.cob
SB000206,ve3wwg_cobcurses,ve3wwg_cobcurses/sd002085.cob
SB000207,ve3wwg_cobcurses,ve3wwg_cobcurses/cobcurses_menu_sd_menus.cob
SB000208,ve3wwg_cobcurses,ve3wwg_cobcurses/test010.cob
SB000209,ve3wwg_cobcurses,ve3wwg_cobcurses/sd002070.cob
SB000210,ve3wwg_cobcurses,ve3wwg_cobcurses/test004.cob
SB000211,ve3wwg_cobcurses,ve3wwg_cobcurses/test012.cob
SB000212,ve3wwg_cobcurses,ve3wwg_cobcurses/sdgenerate.cob
SB000213,ve3wwg_cobcurses,ve3wwg_cobcurses/cobcurses_edit_comp2.cob
SB000214,ve3wwg_cobcurses,ve3wwg_cobcurses/cobcurses_ecvt_comp_1.cob
SB000215,ve3wwg_cobcurses,ve3wwg_cobcurses/cobcurses_menu_sd_charsets.cob
SB000216,ve3wwg_cobcurses,ve3wwg_cobcurses/test007.cob
SB000217,ve3wwg_cobcurses,ve3wwg_cobcurses/3270test.cob
SB000218,ve3wwg_cobcurses,ve3wwg_cobcurses/test001.cob
SB000219,ve3wwg_cobcurses,ve3wwg_cobcurses/cobcurses_menu_sd_fields.cob
SB000220,ve3wwg_cobcurses,ve3wwg_cobcurses/cobcurses_menu_sd_mrefs.cob
SB000221,ve3wwg_cobcurses,ve3wwg_cobcurses/libcobcurses.cob
SB000222,ve3wwg_cobcurses,ve3wwg_cobcurses/libcobcurses.cob
SB000223,ve3wwg_cobcurses,ve3wwg_cobcurses/libcobcurses_codegen.cob
SB000224,ve3wwg_cobcurses,ve3wwg_cobcurses/init-cobc.cob
SB000225,ve3wwg_cobcurses,ve3wwg_cobcurses/init-cobc.cob
SB000226,ve3wwg_cobcurses,ve3wwg_cobcurses/sd002035.cob
SB000227,ve3wwg_cobcurses,ve3wwg_cobcurses/test009.cob
SB000228,ve3wwg_cobcurses,ve3wwg_cobcurses/sdbackup.cob
SB000229,ve3wwg_cobcurses,ve3wwg_cobcurses/sdbackup.cob
SB000230,ve3wwg_cobcurses,ve3wwg_cobcurses/cobcurses_sci_notation_comp_2.cob
SB000231,ve3wwg_cobcurses,ve3wwg_cobcurses/themain.cob
SB000232,ve3wwg_cobcurses,ve3wwg_cobcurses/themain.cob
SB000233,ve3wwg_cobcurses,ve3wwg_cobcurses/ed000010.cob
SB000234,ve3wwg_cobcurses,ve3wwg_cobcurses/ed000010.cob
SB000235,ve3wwg_cobcurses,ve3wwg_cobcurses/cobcurses_menu_sd_screens.cob
SB000236,ve3wwg_cobcurses,ve3wwg_cobcurses/test005.cob
SB000237,ve3wwg_cobcurses,ve3wwg_cobcurses/test005.cob
SB000238,ve3wwg_cobcurses,ve3wwg_cobcurses/libcobcursex.cob
SB000239,ve3wwg_cobcurses,ve3wwg_cobcurses/libcobcursex.cob
SB000240,ve3wwg_cobcurses,ve3wwg_cobcurses/sd002010.cob
SB000241,ve3wwg_cobcurses,ve3wwg_cobcurses/cobcurses_test_units.cob
SB000242,ve3wwg_cobcurses,ve3wwg_cobcurses/sd002090.cob
SB000243,ve3wwg_cobcurses,ve3wwg_cobcurses/sd002033.cob
SB000244,ve3wwg_cobcurses,ve3wwg_cobcurses/cobcurses_menu_sd_states.cob
SB000245,ve3wwg_cobcurses,ve3wwg_cobcurses/sd002030.cob
SB000246,ve3wwg_cobcurses,ve3wwg_cobcurses/cobcurses_ecvt_comp_2.cob
SB000247,ve3wwg_cobcurses,ve3wwg_cobcurses/test006.cob
SB000248,ve3wwg_cobcurses,ve3wwg_cobcurses/test003.cob
SB000249,ve3wwg_cobcurses,ve3wwg_cobcurses/test003.cob
SB000250,ve3wwg_cobcurses,ve3wwg_cobcurses/sdload.cob
SB000251,ve3wwg_cobcurses,ve3wwg_cobcurses/template_main.cob
SB000252,ve3wwg_cobcurses,ve3wwg_cobcurses/shlibtest.cob
SB000253,ve3wwg_cobcurses,ve3wwg_cobcurses/shlibtest.cob
SB000254,ve3wwg_cobcurses,ve3wwg_cobcurses/sd002020.cob
SB000255,ve3wwg_cobcurses,ve3wwg_cobcurses/cobcurses_init_pathname.cob
SB000256,ve3wwg_cobcurses,ve3wwg_cobcurses/sd002060.cob
SB000257,abrignoli_COBSOFT,abrignoli_COBSOFT/CS10002C.cbl
SB000258,abrignoli_COBSOFT,abrignoli_COBSOFT/CS00003S.cbl
SB000259,abrignoli_COBSOFT,abrignoli_COBSOFT/CS00002M.cbl
SB000260,abrignoli_COBSOFT,abrignoli_COBSOFT/CS00000M.cbl
SB000261,abrignoli_COBSOFT,abrignoli_COBSOFT/CS00001M.cbl
SB000262,abrignoli_COBSOFT,abrignoli_COBSOFT/CS00005S.cbl
SB000263,abrignoli_COBSOFT,abrignoli_COBSOFT/CS30002C.cbl
SB000264,abrignoli_COBSOFT,abrignoli_COBSOFT/CS30003C.cbl
SB000265,abrignoli_COBSOFT,abrignoli_COBSOFT/CS00004S.cbl
SB000266,abrignoli_COBSOFT,abrignoli_COBSOFT/CS10008C.cbl
SB000267,abrignoli_COBSOFT,abrignoli_COBSOFT/CS10014C.cbl
SB000268,abrignoli_COBSOFT,abrignoli_COBSOFT/CS10010C.cbl
SB000269,abrignoli_COBSOFT,abrignoli_COBSOFT/CS10017C.cbl
SB000270,abrignoli_COBSOFT,abrignoli_COBSOFT/CS10016C.cbl
SB000271,abrignoli_COBSOFT,abrignoli_COBSOFT/CS20002C.cbl
SB000272,abrignoli_COBSOFT,abrignoli_COBSOFT/CS20003C.cbl
SB000273,abrignoli_COBSOFT,abrignoli_COBSOFT/CS10012C.cbl
SB000274,abrignoli_COBSOFT,abrignoli_COBSOFT/CS10013C.cbl
SB000275,abrignoli_COBSOFT,abrignoli_COBSOFT/CS00002S.cbl
SB000276,abrignoli_COBSOFT,abrignoli_COBSOFT/CS10015C.cbl
SB000277,abrignoli_COBSOFT,abrignoli_COBSOFT/CS10009C.cbl
SB000278,abrignoli_COBSOFT,abrignoli_COBSOFT/CS10011C.cbl
SB000279,abrignoli_COBSOFT,abrignoli_COBSOFT/CS00104S.cbl
SB000280,abrignoli_COBSOFT,abrignoli_COBSOFT/CS10005C.cbl
SB000281,abrignoli_COBSOFT,abrignoli_COBSOFT/CS00103S.cbl
SB000282,abrignoli_COBSOFT,abrignoli_COBSOFT/CS00003M.cbl
SB000283,abrignoli_COBSOFT,abrignoli_COBSOFT/CS00000F.cbl
SB000284,abrignoli_COBSOFT,abrignoli_COBSOFT/CS30001C.cbl
SB000285,abrignoli_COBSOFT,abrignoli_COBSOFT/CS00000S.cbl
SB000286,abrignoli_COBSOFT,abrignoli_COBSOFT/CS00100S.cbl
SB000287,abrignoli_COBSOFT,abrignoli_COBSOFT/CS10006C.cbl
SB000288,abrignoli_COBSOFT,abrignoli_COBSOFT/CS10001C.cbl
SB000289,abrignoli_COBSOFT,abrignoli_COBSOFT/CS20001C.cbl
SB000290,abrignoli_COBSOFT,abrignoli_COBSOFT/CS10007C.cbl
SB000291,abrignoli_COBSOFT,abrignoli_COBSOFT/CS10001P.cbl
SB000292,abrignoli_COBSOFT,abrignoli_COBSOFT/CS00106S.cbl
SB000293,abrignoli_COBSOFT,abrignoli_COBSOFT/CS10004C.cbl
SB000294,abrignoli_COBSOFT,abrignoli_COBSOFT/CS00105S.cbl
SB000295,abrignoli_COBSOFT,abrignoli_COBSOFT/ProgramaPrincipal.cbl
SB000296,abrignoli_COBSOFT,abrignoli_COBSOFT/ProgramaPrincipal.cbl
SB000297,abrignoli_COBSOFT,abrignoli_COBSOFT/CS10003C.cbl
SB000298,abrignoli_COBSOFT,abrignoli_COBSOFT/ProgramaTemplate.cbl
SB000299,abrignoli_COBSOFT,abrignoli_COBSOFT/CS00001S.cbl
SB000300,abrignoli_COBSOFT,abrignoli_COBSOFT/CS00101S.cbl
SB000301,abrignoli_COBSOFT,abrignoli_COBSOFT/CS00101S.cbl
SB000302,abrignoli_COBSOFT,abrignoli_COBSOFT/CS10018C.cbl
SB000303,abrignoli_COBSOFT,abrignoli_COBSOFT/CS00006S.cbl
SB000304,lucasrmagalhaes_learning-COBOL,lucasrmagalhaes_learning-COBOL/PROGCOB06.cbl
SB000305,lucasrmagalhaes_learning-COBOL,lucasrmagalhaes_learning-COBOL/PROGCOB06.cbl
SB000306,lucasrmagalhaes_learning-COBOL,lucasrmagalhaes_learning-COBOL/INCLUINDOREGISTRO.cbl
SB000307,lucasrmagalhaes_learning-COBOL,lucasrmagalhaes_learning-COBOL/INCLUINDOREGISTRO.cbl
SB000308,lucasrmagalhaes_learning-COBOL,lucasrmagalhaes_learning-COBOL/VALIDANDOESCOLHAMENU.cbl
SB000309,lucasrmagalhaes_learning-COBOL,lucasrmagalhaes_learning-COBOL/PROGCOB15.cob
SB000310,lucasrmagalhaes_learning-COBOL,lucasrmagalhaes_learning-COBOL/PROGCOB12.cob
SB000311,lucasrmagalhaes_learning-COBOL,lucasrmagalhaes_learning-COBOL/PROGCOB12.cob
SB000312,lucasrmagalhaes_learning-COBOL,lucasrmagalhaes_learning-COBOL/PROGCOBTEMPODECASAESTRUTURADO.cbl
SB000313,lucasrmagalhaes_learning-COBOL,lucasrmagalhaes_learning-COBOL/PROGCOBTEMPODECASAESTRUTURADO.cbl
SB000314,lucasrmagalhaes_learning-COBOL,lucasrmagalhaes_learning-COBOL/PROGCOB10.cbl
SB000315,lucasrmagalhaes_learning-COBOL,lucasrmagalhaes_learning-COBOL/EXCLUINDOREGISTROS.cbl
SB000316,lucasrmagalhaes_learning-COBOL,lucasrmagalhaes_learning-COBOL/EXCLUINDOREGISTROS.cbl
SB000317,lucasrmagalhaes_learning-COBOL,lucasrmagalhaes_learning-COBOL/PROGCOB17.cob
SB000318,lucasrmagalhaes_learning-COBOL,lucasrmagalhaes_learning-COBOL/PROGCOB14.cob
SB000319,lucasrmagalhaes_learning-COBOL,lucasrmagalhaes_learning-COBOL/PROGCOBHELLOCOBOL.cob
SB000320,lucasrmagalhaes_learning-COBOL,lucasrmagalhaes_learning-COBOL/PROGCOBHELLOCOBOL.cob
SB000321,lucasrmagalhaes_learning-COBOL,lucasrmagalhaes_learning-COBOL/CLIENTES.cbl
SB000322,lucasrmagalhaes_learning-COBOL,lucasrmagalhaes_learning-COBOL/CLIENTES.cbl
SB000323,lucasrmagalhaes_learning-COBOL,lucasrmagalhaes_learning-COBOL/RELATORIOEMTELA02.cob
SB000324,lucasrmagalhaes_learning-COBOL,lucasrmagalhaes_learning-COBOL/PROGCOBDESAFIODANTE.cbl
SB000325,lucasrmagalhaes_learning-COBOL,lucasrmagalhaes_learning-COBOL/PROGCOBDESAFIODANTE.cbl
SB000326,lucasrmagalhaes_learning-COBOL,lucasrmagalhaes_learning-COBOL/PROGCOBINVESTIMENTOFINANCEIRO.cob
SB000327,lucasrmagalhaes_learning-COBOL,lucasrmagalhaes_learning-COBOL/INCLUSAODADOS.cbl
SB000328,lucasrmagalhaes_learning-COBOL,lucasrmagalhaes_learning-COBOL/RELATORIOEMDISCO.cbl
SB000329,lucasrmagalhaes_learning-COBOL,lucasrmagalhaes_learning-COBOL/PROGCOBAUMENTOSALARIAL.cob
SB000330,lucasrmagalhaes_learning-COBOL,lucasrmagalhaes_learning-COBOL/PROGCOB02.cob
SB000331,lucasrmagalhaes_learning-COBOL,lucasrmagalhaes_learning-COBOL/PROGCOB02.cob
SB000332,lucasrmagalhaes_learning-COBOL,lucasrmagalhaes_learning-COBOL/PROGCOB05.cob
SB000333,lucasrmagalhaes_learning-COBOL,lucasrmagalhaes_learning-COBOL/PROGCOB05.cob
SB000334,lucasrmagalhaes_learning-COBOL,lucasrmagalhaes_learning-COBOL/PROGCOB01.cob
SB000335,lucasrmagalhaes_learning-COBOL,lucasrmagalhaes_learning-COBOL/ABERTURAARQUIVOS.cbl
SB000336,lucasrmagalhaes_learning-COBOL,lucasrmagalhaes_learning-COBOL/ABERTURAARQUIVOS.cbl
SB000337,lucasrmagalhaes_learning-COBOL,lucasrmagalhaes_learning-COBOL/PROGCOB03.cob
SB000338,lucasrmagalhaes_learning-COBOL,lucasrmagalhaes_learning-COBOL/PROGCOB03.cob
SB000339,lucasrmagalhaes_learning-COBOL,lucasrmagalhaes_learning-COBOL/MENU01.cbl
SB000340,lucasrmagalhaes_learning-COBOL,lucasrmagalhaes_learning-COBOL/MENU01.cbl
SB000341,lucasrmagalhaes_learning-COBOL,lucasrmagalhaes_learning-COBOL/PROGCOB11.cbl
SB000342,lucasrmagalhaes_learning-COBOL,lucasrmagalhaes_learning-COBOL/PROGCOB11.cbl
SB000343,lucasrmagalhaes_learning-COBOL,lucasrmagalhaes_learning-COBOL/PROGCOB07.cbl
SB000344,lucasrmagalhaes_learning-COBOL,lucasrmagalhaes_learning-COBOL/PROGCOB07.cbl
SB000345,lucasrmagalhaes_learning-COBOL,lucasrmagalhaes_learning-COBOL/GERANDORELATORIOS.cbl
SB000346,lucasrmagalhaes_learning-COBOL,lucasrmagalhaes_learning-COBOL/PROGCOB16.cob
SB000347,lucasrmagalhaes_learning-COBOL,lucasrmagalhaes_learning-COBOL/PROGCOBSTRING.cob
SB000348,lucasrmagalhaes_learning-COBOL,lucasrmagalhaes_learning-COBOL/PROGCOBSTRING.cob
SB000349,lucasrmagalhaes_learning-COBOL,lucasrmagalhaes_learning-COBOL/PROGCOB08.cbl
SB000350,lucasrmagalhaes_learning-COBOL,lucasrmagalhaes_learning-COBOL/GERANDORELATORIO.cbl
SB000351,lucasrmagalhaes_learning-COBOL,lucasrmagalhaes_learning-COBOL/GERANDORELATORIO.cbl
SB000352,lucasrmagalhaes_learning-COBOL,lucasrmagalhaes_learning-COBOL/RELATORIOEMTELA01.cob
SB000353,lucasrmagalhaes_learning-COBOL,lucasrmagalhaes_learning-COBOL/PROGCOBCPF.cob
SB000354,lucasrmagalhaes_learning-COBOL,lucasrmagalhaes_learning-COBOL/PROGCOB04.cob
SB000355,lucasrmagalhaes_learning-COBOL,lucasrmagalhaes_learning-COBOL/PROGCOB13.cob
SB000356,lucasrmagalhaes_learning-COBOL,lucasrmagalhaes_learning-COBOL/SUBMENU.cbl
SB000357,lucasrmagalhaes_learning-COBOL,lucasrmagalhaes_learning-COBOL/MENU02.cbl
SB000358,lucasrmagalhaes_learning-COBOL,lucasrmagalhaes_learning-COBOL/PGM.cbl
SB000359,lucasrmagalhaes_learning-COBOL,lucasrmagalhaes_learning-COBOL/ENCERRANDOMENU.cbl
SB000360,lucasrmagalhaes_learning-COBOL,lucasrmagalhaes_learning-COBOL/PROGCOB09.cob
SB000361,lucasrmagalhaes_learning-COBOL,lucasrmagalhaes_learning-COBOL/PROGCOB09.cob
SB000362,debinix_openjensen,debinix_openjensen/wui-end-html.cbl
SB000363,debinix_openjensen,debinix_openjensen/get-post-value.cbl
SB000364,debinix_openjensen,debinix_openjensen/cgi-add-local.cbl
SB000365,debinix_openjensen,debinix_openjensen/cgi-add-local.cbl
SB000366,debinix_openjensen,debinix_openjensen/cgi-edit-user.cbl
SB000367,debinix_openjensen,debinix_openjensen/cgi-edit-user.cbl
SB000368,debinix_openjensen,debinix_openjensen/toolchaintest.cbl
SB000369,debinix_openjensen,debinix_openjensen/cgi-list-betygelev.cbl
SB000370,debinix_openjensen,debinix_openjensen/cgi-list-betygelev.cbl
SB000371,debinix_openjensen,debinix_openjensen/wui-print-header.cbl
SB000372,debinix_openjensen,debinix_openjensen/cgi-edit-profile.cbl
SB000373,debinix_openjensen,debinix_openjensen/error-printscr.cbl
SB000374,debinix_openjensen,debinix_openjensen/cgi-edit-local.cbl
SB000375,debinix_openjensen,debinix_openjensen/readtbltort.cbl
SB000376,debinix_openjensen,debinix_openjensen/test-utf8.cbl
SB000377,debinix_openjensen,debinix_openjensen/test-utf8.cbl
SB000378,debinix_openjensen,debinix_openjensen/toolchaindisplaytest.cbl
SB000379,debinix_openjensen,debinix_openjensen/anslutdb.cbl
SB000380,debinix_openjensen,debinix_openjensen/anslutdb.cbl
SB000381,debinix_openjensen,debinix_openjensen/url-charconv.cbl
SB000382,debinix_openjensen,debinix_openjensen/cgi-list-betygalla.cbl
SB000383,debinix_openjensen,debinix_openjensen/cgi-list-betygalla.cbl
SB000384,debinix_openjensen,debinix_openjensen/cgi-remove-local.cbl
SB000385,debinix_openjensen,debinix_openjensen/cgi-remove-local.cbl
SB000386,debinix_openjensen,debinix_openjensen/cgi-add-betyg.cbl
SB000387,debinix_openjensen,debinix_openjensen/cgi-add-betyg.cbl
SB000388,debinix_openjensen,debinix_openjensen/bktort.cbl
SB000389,debinix_openjensen,debinix_openjensen/cgi-list-local.cbl
SB000390,debinix_openjensen,debinix_openjensen/cgi-list-local.cbl
SB000391,debinix_openjensen,debinix_openjensen/cgi-list-users.cbl
SB000392,debinix_openjensen,debinix_openjensen/cgi-list-users.cbl
SB000393,debinix_openjensen,debinix_openjensen/cgi-add-user.cbl
SB000394,debinix_openjensen,debinix_openjensen/ok-printscr.cbl
SB000395,debinix_openjensen,debinix_openjensen/write-post-string.cbl
SB000396,debinix_openjensen,debinix_openjensen/test-php-unlink.cbl
SB000397,debinix_openjensen,debinix_openjensen/test-php-unlink.cbl
SB000398,debinix_openjensen,debinix_openjensen/stop-printscr.cbl
SB000399,debinix_openjensen,debinix_openjensen/cgi-edit-betyg.cbl
SB000400,debinix_openjensen,debinix_openjensen/cgi-remove-user.cbl
SB000401,debinix_openjensen,debinix_openjensen/wui-start-html.cbl
SB000402,bmcsoftware_vscode-ispw,bmcsoftware_vscode-ispw/CWXTDATE.cbl
SB000403,bmcsoftware_vscode-ispw,bmcsoftware_vscode-ispw/CWBWCOBX.cbl
SB000404,bmcsoftware_vscode-ispw,bmcsoftware_vscode-ispw/CWXTCOB.cbl
SB000405,bmcsoftware_vscode-ispw,bmcsoftware_vscode-ispw/CWKTSUBC.cbl
SB000406,bmcsoftware_vscode-ispw,bmcsoftware_vscode-ispw/CWKTCOBX.cbl
SB000407,bmcsoftware_vscode-ispw,bmcsoftware_vscode-ispw/CWKTDB2X.cbl
SB000408,bmcsoftware_vscode-ispw,bmcsoftware_vscode-ispw/CWBWDATE.cbl
SB000409,bmcsoftware_vscode-ispw,bmcsoftware_vscode-ispw/CWKTDATE.cbl
SB000410,bmcsoftware_vscode-ispw,bmcsoftware_vscode-ispw/CWBWSUBC.cbl
SB000411,bmcsoftware_vscode-ispw,bmcsoftware_vscode-ispw/CWXTSUBC.cbl
SB000412,bmcsoftware_vscode-ispw,bmcsoftware_vscode-ispw/TSUBR01.cbl
SB000413,z390development_z390,z390development_z390/TESTCAL2.CBL
SB000414,z390development_z390,z390development_z390/UPROGRAM.CBL
SB000415,z390development_z390,z390development_z390/UPROGRAM.CBL
SB000416,z390development_z390,z390development_z390/P8JFC.CBL
SB000417,z390development_z390,z390development_z390/P8JFC.CBL
SB000418,z390development_z390,z390development_z390/TESTFUN1.CBL
SB000419,z390development_z390,z390development_z390/TESTFUN1.CBL
SB000420,z390development_z390,z390development_z390/TESTDIV2.CBL
SB000421,z390development_z390,z390development_z390/TESTDIV2.CBL
SB000422,z390development_z390,z390development_z390/TESTCMP2.CBL
SB000423,z390development_z390,z390development_z390/TESTCMP2.CBL
SB000424,z390development_z390,z390development_z390/TESTMOV3.CBL
SB000425,z390development_z390,z390development_z390/TESTMOV3.CBL
SB000426,z390development_z390,z390development_z390/TESTPM2.CBL
SB000427,z390development_z390,z390development_z390/TESTPM2.CBL
SB000428,z390development_z390,z390development_z390/TESTINT1.CBL
SB000429,z390development_z390,z390development_z390/TESTBEC4.CBL
SB000430,z390development_z390,z390development_z390/DATETIME.CBL
SB000431,z390development_z390,z390development_z390/TESTCPY1.CBL
SB000432,z390development_z390,z390development_z390/TESTCPY1.CBL
SB000433,z390development_z390,z390development_z390/TESTISP1.CBL
SB000434,z390development_z390,z390development_z390/TESTISP1.CBL
SB000435,z390development_z390,z390development_z390/TESTCMP5.CBL
SB000436,z390development_z390,z390development_z390/TESTCMP5.CBL
SB000437,z390development_z390,z390development_z390/TESTBEC7.CBL
SB000438,z390development_z390,z390development_z390/TESTSIX2.CBL
SB000439,z390development_z390,z390development_z390/TESTSIX2.CBL
SB000440,z390development_z390,z390development_z390/TESTCPY2.CBL
SB000441,z390development_z390,z390development_z390/TESTCPY2.CBL
SB000442,z390development_z390,z390development_z390/TESTADD2.CBL
SB000443,z390development_z390,z390development_z390/TESTBEC2.CBL
SB000444,z390development_z390,z390development_z390/TESTBEC5.CBL
SB000445,z390development_z390,z390development_z390/TESTRMD1.CBL
SB000446,z390development_z390,z390development_z390/TESTVSC3.CBL
SB000447,z390development_z390,z390development_z390/TESTPIC1.CBL
SB000448,z390development_z390,z390development_z390/TESTCAL1.CBL
SB000449,z390development_z390,z390development_z390/TESTCAL1.CBL
SB000450,z390development_z390,z390development_z390/TESTTRC2.CBL
SB000451,z390development_z390,z390development_z390/HELLO.CBL
SB000452,z390development_z390,z390development_z390/TESTMOV1.CBL
SB000453,z390development_z390,z390development_z390/TESTMOV1.CBL
SB000454,z390development_z390,z390development_z390/TESTPM1.CBL
SB000455,z390development_z390,z390development_z390/TESTTRC1.CBL
SB000456,z390development_z390,z390development_z390/TESTPM3.CBL
SB000457,z390development_z390,z390development_z390/TESTICC1.CBL
SB000458,z390development_z390,z390development_z390/TESTADD1.CBL
SB000459,z390development_z390,z390development_z390/POWERS.CBL
SB000460,z390development_z390,z390development_z390/TESTVSC1.CBL
SB000461,z390development_z390,z390development_z390/TESTWS1.CBL
SB000462,z390development_z390,z390development_z390/TESTFIL2.CBL
SB000463,z390development_z390,z390development_z390/TESTFIL2.CBL
SB000464,z390development_z390,z390development_z390/TESTGO1.CBL
SB000465,z390development_z390,z390development_z390/TESTDSP1.CBL
SB000466,z390development_z390,z390development_z390/TESTDSP1.CBL
SB000467,z390development_z390,z390development_z390/TESTMPY2.CBL
SB000468,z390development_z390,z390development_z390/TESTMPY2.CBL
SB000469,z390development_z390,z390development_z390/TESTBEC9.CBL
SB000470,z390development_z390,z390development_z390/COPYFILE.CBL
SB000471,z390development_z390,z390development_z390/COPYFILE.CBL
SB000472,z390development_z390,z390development_z390/TESTCMP4.CBL
SB000473,z390development_z390,z390development_z390/TESTHFP1.CBL
SB000474,z390development_z390,z390development_z390/TESTHFP1.CBL
SB000475,z390development_z390,z390development_z390/TESTVSC2.CBL
SB000476,z390development_z390,z390development_z390/TESTMOV2.CBL
SB000477,z390development_z390,z390development_z390/TESTMOV2.CBL
SB000478,z390development_z390,z390development_z390/TESTIF2.CBL
SB000479,z390development_z390,z390development_z390/U4.CBL
SB000480,z390development_z390,z390development_z390/U4.CBL
SB000481,z390development_z390,z390development_z390/U1.CBL
SB000482,z390development_z390,z390development_z390/PROGRAM.CBL
SB000483,z390development_z390,z390development_z390/PROGRAM.CBL
SB000484,z390development_z390,z390development_z390/TESTCMP6.CBL
SB000485,z390development_z390,z390development_z390/TESTCMP6.CBL
SB000486,z390development_z390,z390development_z390/TESTCAL3.CBL
SB000487,z390development_z390,z390development_z390/TESTCMP1.CBL
SB000488,z390development_z390,z390development_z390/TESTDFP1.CBL
SB000489,z390development_z390,z390development_z390/TESTBEC1.CBL
SB000490,z390development_z390,z390development_z390/TESTIF1.CBL
SB000491,z390development_z390,z390development_z390/TESTIF1.CBL
SB000492,z390development_z390,z390development_z390/TESTSUB1.CBL
SB000493,z390development_z390,z390development_z390/TESTBFP1.CBL
SB000494,z390development_z390,z390development_z390/TESTSIX1.CBL
SB000495,z390development_z390,z390development_z390/TESTSIX1.CBL
SB000496,z390development_z390,z390development_z390/TESTBMC1.CBL
SB000497,z390development_z390,z390development_z390/TESTCMP3.CBL
SB000498,z390development_z390,z390development_z390/TESTBEC6.CBL
SB000499,z390development_z390,z390development_z390/TESTBEC8.CBL
SB000500,z390development_z390,z390development_z390/TESTSUB2.CBL
SB000501,z390development_z390,z390development_z390/TESTSUB2.CBL
SB000502,z390development_z390,z390development_z390/TESTTRC3.CBL
SB000503,z390development_z390,z390development_z390/TESTTRC3.CBL
SB000504,z390development_z390,z390development_z390/TESTFIL1.CBL
SB000505,z390development_z390,z390development_z390/TESTFIL1.CBL
SB000506,z390development_z390,z390development_z390/TESTMPY1.CBL
SB000507,z390development_z390,z390development_z390/TESTMPY1.CBL
SB000508,z390development_z390,z390development_z390/TESTIF3.CBL
SB000509,z390development_z390,z390development_z390/TESTIF3.CBL
SB000510,z390development_z390,z390development_z390/TESTDIV1.CBL
SB000511,z390development_z390,z390development_z390/TESTDIV1.CBL
SB000512,z390development_z390,z390development_z390/DEMOMAIN.CBL
SB000513,z390development_z390,z390development_z390/USET.CBL
SB000514,z390development_z390,z390development_z390/USET.CBL
SB000515,neopragma_cobol-unit-test,neopragma_cobol-unit-test/CICSDEMO.CBL
SB000516,neopragma_cobol-unit-test,neopragma_cobol-unit-test/CARD3D.CBL
SB000517,neopragma_cobol-unit-test,neopragma_cobol-unit-test/CARD3D.CBL
SB000518,neopragma_cobol-unit-test,neopragma_cobol-unit-test/convert-bad.cbl
SB000519,neopragma_cobol-unit-test,neopragma_cobol-unit-test/FILEDEMO.CBL
SB000520,neopragma_cobol-unit-test,neopragma_cobol-unit-test/CONVERT-TEST.CBL
SB000521,neopragma_cobol-unit-test,neopragma_cobol-unit-test/CONVERT-TEST.CBL
SB000522,neopragma_cobol-unit-test,neopragma_cobol-unit-test/FIZZBUZZ.CBL
SB000523,neopragma_cobol-unit-test,neopragma_cobol-unit-test/FIZZBUZZ.CBL
SB000524,neopragma_cobol-unit-test,neopragma_cobol-unit-test/VSAMTEST.CBL
SB000525,neopragma_cobol-unit-test,neopragma_cobol-unit-test/VSAMTEST.CBL
SB000526,neopragma_cobol-unit-test,neopragma_cobol-unit-test/ZUTZCPC.CBL
SB000527,neopragma_cobol-unit-test,neopragma_cobol-unit-test/CARD2D.CBL
SB000528,neopragma_cobol-unit-test,neopragma_cobol-unit-test/CARD2D.CBL
SB000529,neopragma_cobol-unit-test,neopragma_cobol-unit-test/CICSDRIV.CBL
SB000530,neopragma_cobol-unit-test,neopragma_cobol-unit-test/CICSDRIV.CBL
SB000531,neopragma_cobol-unit-test,neopragma_cobol-unit-test/VIZZBUZZ.CBL
SB000532,neopragma_cobol-unit-test,neopragma_cobol-unit-test/VIZZBUZZ.CBL
SB000533,neopragma_cobol-unit-test,neopragma_cobol-unit-test/SUBPROGD.CBL
SB000534,neopragma_cobol-unit-test,neopragma_cobol-unit-test/SUBPROGD.CBL
SB000535,neopragma_cobol-unit-test,neopragma_cobol-unit-test/CONVER2.CBL
SB000536,neopragma_cobol-unit-test,neopragma_cobol-unit-test/CONVERT.CBL
SB000537,neopragma_cobol-unit-test,neopragma_cobol-unit-test/CONVERT.CBL
SB000538,neopragma_cobol-unit-test,neopragma_cobol-unit-test/CARD1.CBL
SB000539,neopragma_cobol-unit-test,neopragma_cobol-unit-test/CARD1.CBL
SB000540,neopragma_cobol-unit-test,neopragma_cobol-unit-test/SUBPROG.CBL
SB000541,neopragma_cobol-unit-test,neopragma_cobol-unit-test/PARADEMO.CBL
SB000542,neopragma_cobol-unit-test,neopragma_cobol-unit-test/convert-bad2.cbl
SB000543,neopragma_cobol-unit-test,neopragma_cobol-unit-test/convert-bad2.cbl
SB000544,neopragma_cobol-unit-test,neopragma_cobol-unit-test/INVDATE.CBL
SB000545,neopragma_cobol-unit-test,neopragma_cobol-unit-test/INVDATE.CBL
SB000546,neopragma_cobol-unit-test,neopragma_cobol-unit-test/SAMPLE.CBL
SB000547,neopragma_cobol-unit-test,neopragma_cobol-unit-test/SAMPLE.CBL
SB000548,neopragma_cobol-unit-test,neopragma_cobol-unit-test/CARD3.CBL
SB000549,neopragma_cobol-unit-test,neopragma_cobol-unit-test/CARD3.CBL
SB000550,neopragma_cobol-unit-test,neopragma_cobol-unit-test/CALLDEMO.CBL
SB000551,neopragma_cobol-unit-test,neopragma_cobol-unit-test/CARD2.CBL
SB000552,neopragma_cobol-unit-test,neopragma_cobol-unit-test/MOCKDEMO.CBL
RB000001,seanpm2001_SNU_2D_ProgrammingTools_IDE_COBOL,seanpm2001_SNU_2D_ProgrammingTools_IDE_COBOL/HelloWorld_V1.cbl
RB000002,seanpm2001_SNU_2D_ProgrammingTools_IDE_COBOL,seanpm2001_SNU_2D_ProgrammingTools_IDE_COBOL/HelloWorld_V1.cbl
RB000003,seanpm2001_SNU_2D_ProgrammingTools_IDE_COBOL,seanpm2001_SNU_2D_ProgrammingTools_IDE_COBOL/HelloWorldPunchcard_V1.cob
RB000004,Martinfx_Cobol,Martinfx_Cobol/DateAndTime.cbl
RB000005,Martinfx_Cobol,Martinfx_Cobol/core_basic_window.cbl
RB000006,Martinfx_Cobol,Martinfx_Cobol/Hello_SQLITE.cbl
RB000007,Martinfx_Cobol,Martinfx_Cobol/Hello_SQLITE.cbl
RB000008,Martinfx_Cobol,Martinfx_Cobol/String.cbl
RB000009,Martinfx_Cobol,Martinfx_Cobol/ForLoop.cbl
RB000010,Martinfx_Cobol,Martinfx_Cobol/ForLoop.cbl
RB000011,Martinfx_Cobol,Martinfx_Cobol/SequentialRead.cbl
RB000012,Martinfx_Cobol,Martinfx_Cobol/ConditionNameCondition.cbl
RB000013,Martinfx_Cobol,Martinfx_Cobol/CombinedConditions.cbl
RB000014,Martinfx_Cobol,Martinfx_Cobol/CombinedConditions.cbl
RB000015,Martinfx_Cobol,Martinfx_Cobol/InsertSort.cbl
RB000016,Martinfx_Cobol,Martinfx_Cobol/SelectSort.cbl
RB000017,Martinfx_Cobol,Martinfx_Cobol/Address.cbl
RB000018,Martinfx_Cobol,Martinfx_Cobol/While.cbl
RB000019,GaloisGirl_Coding,GaloisGirl_Coding/d10b.cob
RB000020,GaloisGirl_Coding,GaloisGirl_Coding/d10b.cob
RB000021,GaloisGirl_Coding,GaloisGirl_Coding/d01a.cob
RB000022,GaloisGirl_Coding,GaloisGirl_Coding/d12b.cob
RB000023,GaloisGirl_Coding,GaloisGirl_Coding/d21a.cob
RB000024,GaloisGirl_Coding,GaloisGirl_Coding/d21a.cob
RB000025,GaloisGirl_Coding,GaloisGirl_Coding/d15b.cob
RB000026,GaloisGirl_Coding,GaloisGirl_Coding/d02b.cob
RB000027,GaloisGirl_Coding,GaloisGirl_Coding/d02b.cob
RB000028,GaloisGirl_Coding,GaloisGirl_Coding/d13a.cob
RB000029,GaloisGirl_Coding,GaloisGirl_Coding/d14b.cob
RB000030,GaloisGirl_Coding,GaloisGirl_Coding/d12a.cob
RB000031,GaloisGirl_Coding,GaloisGirl_Coding/d07b.cob
RB000032,GaloisGirl_Coding,GaloisGirl_Coding/d07b.cob
RB000033,GaloisGirl_Coding,GaloisGirl_Coding/d05a.cob
RB000034,GaloisGirl_Coding,GaloisGirl_Coding/d10a.cob
RB000035,GaloisGirl_Coding,GaloisGirl_Coding/d25a.cob
RB000036,GaloisGirl_Coding,GaloisGirl_Coding/d11b.cob
RB000037,GaloisGirl_Coding,GaloisGirl_Coding/d11b.cob
RB000038,GaloisGirl_Coding,GaloisGirl_Coding/d06b.cob
RB000039,GaloisGirl_Coding,GaloisGirl_Coding/d04b.cob
RB000040,GaloisGirl_Coding,GaloisGirl_Coding/d13b.cob
RB000041,GaloisGirl_Coding,GaloisGirl_Coding/d11a.cob
RB000042,GaloisGirl_Coding,GaloisGirl_Coding/d09a.cob
RB000043,GaloisGirl_Coding,GaloisGirl_Coding/d05b.cob
RB000044,GaloisGirl_Coding,GaloisGirl_Coding/d05b.cob
RB000045,GaloisGirl_Coding,GaloisGirl_Coding/d09b.cob
RB000046,GaloisGirl_Coding,GaloisGirl_Coding/d09b.cob
RB000047,GaloisGirl_Coding,GaloisGirl_Coding/d01b.cob
RB000048,GaloisGirl_Coding,GaloisGirl_Coding/d01b.cob
RB000049,bhbandam_AZ-Legacy-Engineering,bhbandam_AZ-Legacy-Engineering/wbgetbal.cbl
RB000050,bhbandam_AZ-Legacy-Engineering,bhbandam_AZ-Legacy-Engineering/wtiscusi.cbl
RB000051,bhbandam_AZ-Legacy-Engineering,bhbandam_AZ-Legacy-Engineering/wgrvgbal.cbl
RB000052,IBM_example-health-apis,IBM_example-health-apis/HCAZERRS.cbl
RB000053,IBM_example-health-apis,IBM_example-health-apis/HCIPDB01.cbl
RB000054,IBM_example-health-apis,IBM_example-health-apis/HCT1PL01.cbl
RB000055,IBM_example-health-apis,IBM_example-health-apis/HCT1PL01.cbl
RB000056,IBM_example-health-apis,IBM_example-health-apis/HCITDB01.cbl
RB000057,IBM_example-health-apis,IBM_example-health-apis/HCM1PL01.cbl
RB000058,IBM_example-health-apis,IBM_example-health-apis/HCMADB01.cbl
RB000059,IBM_example-health-apis,IBM_example-health-apis/HCMADB02.cbl
RB000060,IBM_example-health-apis,IBM_example-health-apis/HCP1BU01.cbl
RB000061,IBM_example-health-apis,IBM_example-health-apis/HCP1PL01.cbl
RB000062,IBM_example-health-apis,IBM_example-health-apis/HCIMDB01.cbl
RB000063,IBM_example-health-apis,IBM_example-health-apis/HCATDB01.cbl
RB000064,IBM_example-health-apis,IBM_example-health-apis/HCPRESTW.cbl
RB000065,IBM_example-health-apis,IBM_example-health-apis/HCPRESTW.cbl
RB000066,IBM_example-health-apis,IBM_example-health-apis/HCIVDB01.cbl
RB000067,IBM_example-health-apis,IBM_example-health-apis/HCIVDB01.cbl
RB000068,IBM_example-health-apis,IBM_example-health-apis/HCT1BA01.cbl
RB000069,IBM_example-health-apis,IBM_example-health-apis/HCT1BI01.cbl
RB000070,IBM_example-health-apis,IBM_example-health-apis/HCT1BI01.cbl
RB000071,ve3wwg_cobcurses,ve3wwg_cobcurses/test008.cob
RB000072,ve3wwg_cobcurses,ve3wwg_cobcurses/cobcurses_menu_sd_menu_items.cob
RB000073,ve3wwg_cobcurses,ve3wwg_cobcurses/sd002000.cob
RB000074,ve3wwg_cobcurses,ve3wwg_cobcurses/sd002040.cob
RB000075,ve3wwg_cobcurses,ve3wwg_cobcurses/sd002040.cob
RB000076,ve3wwg_cobcurses,ve3wwg_cobcurses/EDPR010.cob
RB000077,ve3wwg_cobcurses,ve3wwg_cobcurses/testcurses.cob
RB000078,ve3wwg_cobcurses,ve3wwg_cobcurses/cobcurses_format_comp2.cob
RB000079,ve3wwg_cobcurses,ve3wwg_cobcurses/test010.cob
RB000080,ve3wwg_cobcurses,ve3wwg_cobcurses/sd002070.cob
RB000081,ve3wwg_cobcurses,ve3wwg_cobcurses/sdgenerate.cob
RB000082,ve3wwg_cobcurses,ve3wwg_cobcurses/cobcurses_edit_comp2.cob
RB000083,ve3wwg_cobcurses,ve3wwg_cobcurses/cobcurses_edit_comp2.cob
RB000084,ve3wwg_cobcurses,ve3wwg_cobcurses/cobcurses_menu_sd_charsets.cob
RB000085,ve3wwg_cobcurses,ve3wwg_cobcurses/3270test.cob
RB000086,ve3wwg_cobcurses,ve3wwg_cobcurses/sd002035.cob
RB000087,ve3wwg_cobcurses,ve3wwg_cobcurses/test009.cob
RB000088,ve3wwg_cobcurses,ve3wwg_cobcurses/themain.cob
RB000089,ve3wwg_cobcurses,ve3wwg_cobcurses/themain.cob
RB000090,ve3wwg_cobcurses,ve3wwg_cobcurses/ed000010.cob
RB000091,ve3wwg_cobcurses,ve3wwg_cobcurses/ed000010.cob
RB000092,ve3wwg_cobcurses,ve3wwg_cobcurses/cobcurses_menu_sd_screens.cob
RB000093,ve3wwg_cobcurses,ve3wwg_cobcurses/libcobcursex.cob
RB000094,ve3wwg_cobcurses,ve3wwg_cobcurses/cobcurses_test_units.cob
RB000095,ve3wwg_cobcurses,ve3wwg_cobcurses/sd002033.cob
RB000096,ve3wwg_cobcurses,ve3wwg_cobcurses/sd002033.cob
RB000097,ve3wwg_cobcurses,ve3wwg_cobcurses/cobcurses_ecvt_comp_2.cob
RB000098,ve3wwg_cobcurses,ve3wwg_cobcurses/test006.cob
RB000099,abrignoli_COBSOFT,abrignoli_COBSOFT/CS00002M.cbl
RB000100,abrignoli_COBSOFT,abrignoli_COBSOFT/CS30002C.cbl
RB000101,abrignoli_COBSOFT,abrignoli_COBSOFT/CS00004S.cbl
RB000102,abrignoli_COBSOFT,abrignoli_COBSOFT/CS20002C.cbl
RB000103,abrignoli_COBSOFT,abrignoli_COBSOFT/CS20002C.cbl
RB000104,abrignoli_COBSOFT,abrignoli_COBSOFT/CS10013C.cbl
RB000105,abrignoli_COBSOFT,abrignoli_COBSOFT/CS10015C.cbl
RB000106,abrignoli_COBSOFT,abrignoli_COBSOFT/CS10009C.cbl
RB000107,abrignoli_COBSOFT,abrignoli_COBSOFT/CS10009C.cbl
RB000108,abrignoli_COBSOFT,abrignoli_COBSOFT/CS00003M.cbl
RB000109,abrignoli_COBSOFT,abrignoli_COBSOFT/CS00003M.cbl
RB000110,abrignoli_COBSOFT,abrignoli_COBSOFT/CS00000F.cbl
RB000111,abrignoli_COBSOFT,abrignoli_COBSOFT/CS30001C.cbl
RB000112,abrignoli_COBSOFT,abrignoli_COBSOFT/CS30001C.cbl
RB000113,abrignoli_COBSOFT,abrignoli_COBSOFT/CS00000S.cbl
RB000114,abrignoli_COBSOFT,abrignoli_COBSOFT/CS00000S.cbl
RB000115,abrignoli_COBSOFT,abrignoli_COBSOFT/CS00100S.cbl
RB000116,abrignoli_COBSOFT,abrignoli_COBSOFT/CS00100S.cbl
RB000117,abrignoli_COBSOFT,abrignoli_COBSOFT/CS00105S.cbl
RB000118,abrignoli_COBSOFT,abrignoli_COBSOFT/ProgramaPrincipal.cbl
RB000119,abrignoli_COBSOFT,abrignoli_COBSOFT/CS00101S.cbl
RB000120,abrignoli_COBSOFT,abrignoli_COBSOFT/CS10018C.cbl
RB000121,gbeine_COBOLUnit,gbeine_COBOLUnit/CBU00101.cob
RB000122,gbeine_COBOLUnit,gbeine_COBOLUnit/SUITE001.cob
RB000123,gbeine_COBOLUnit,gbeine_COBOLUnit/CBU00102.cob
RB000124,gbeine_COBOLUnit,gbeine_COBOLUnit/CBU00012.cob
RB000125,gbeine_COBOLUnit,gbeine_COBOLUnit/SAMPLE01.cob
RB000126,gbeine_COBOLUnit,gbeine_COBOLUnit/SAMPLE01.cob
RB000127,gbeine_COBOLUnit,gbeine_COBOLUnit/CTU000S1.cob
RB000128,gbeine_COBOLUnit,gbeine_COBOLUnit/CTU000S1.cob
RB000129,gbeine_COBOLUnit,gbeine_COBOLUnit/CBU00103.cob
RB000130,gbeine_COBOLUnit,gbeine_COBOLUnit/CBU00103.cob
RB000131,gbeine_COBOLUnit,gbeine_COBOLUnit/CTU0S1T2.cob
RB000132,gbeine_COBOLUnit,gbeine_COBOLUnit/CTU0S1T2.cob
RB000133,gbeine_COBOLUnit,gbeine_COBOLUnit/SUITE002.cob
RB000134,gbeine_COBOLUnit,gbeine_COBOLUnit/SUITE002.cob
RB000135,gbeine_COBOLUnit,gbeine_COBOLUnit/CBU00200.cob
RB000136,gbeine_COBOLUnit,gbeine_COBOLUnit/CBU00200.cob
RB000137,gbeine_COBOLUnit,gbeine_COBOLUnit/CBU00004.cob
RB000138,gbeine_COBOLUnit,gbeine_COBOLUnit/CBU00002.cob
RB000139,gbeine_COBOLUnit,gbeine_COBOLUnit/CTU0S3T1.cob
RB000140,gbeine_COBOLUnit,gbeine_COBOLUnit/CTU0S3T1.cob
RB000141,gbeine_COBOLUnit,gbeine_COBOLUnit/CBU00301.cob
RB000142,gbeine_COBOLUnit,gbeine_COBOLUnit/CBU00301.cob
RB000143,gbeine_COBOLUnit,gbeine_COBOLUnit/CBU00080.cob
RB000144,gbeine_COBOLUnit,gbeine_COBOLUnit/CBU00008.cob
RB000145,gbeine_COBOLUnit,gbeine_COBOLUnit/TS000002.cob
RB000146,gbeine_COBOLUnit,gbeine_COBOLUnit/TS000002.cob
RB000147,gbeine_COBOLUnit,gbeine_COBOLUnit/CBU00020.cob
RB000148,gbeine_COBOLUnit,gbeine_COBOLUnit/CBU00020.cob
RB000149,gbeine_COBOLUnit,gbeine_COBOLUnit/CTU0S3T2.cob
RB000150,gbeine_COBOLUnit,gbeine_COBOLUnit/CBU00300.cob
RB000151,lucasrmagalhaes_learning-COBOL,lucasrmagalhaes_learning-COBOL/PROGCOB06.cbl
RB000152,lucasrmagalhaes_learning-COBOL,lucasrmagalhaes_learning-COBOL/INCLUINDOREGISTRO.cbl
RB000153,lucasrmagalhaes_learning-COBOL,lucasrmagalhaes_learning-COBOL/VALIDANDOESCOLHAMENU.cbl
RB000154,lucasrmagalhaes_learning-COBOL,lucasrmagalhaes_learning-COBOL/PROGCOB15.cob
RB000155,lucasrmagalhaes_learning-COBOL,lucasrmagalhaes_learning-COBOL/PROGCOBTEMPODECASAESTRUTURADO.cbl
RB000156,lucasrmagalhaes_learning-COBOL,lucasrmagalhaes_learning-COBOL/PROGCOB10.cbl
RB000157,lucasrmagalhaes_learning-COBOL,lucasrmagalhaes_learning-COBOL/EXCLUINDOREGISTROS.cbl
RB000158,lucasrmagalhaes_learning-COBOL,lucasrmagalhaes_learning-COBOL/EXCLUINDOREGISTROS.cbl
RB000159,lucasrmagalhaes_learning-COBOL,lucasrmagalhaes_learning-COBOL/PROGCOB17.cob
RB000160,lucasrmagalhaes_learning-COBOL,lucasrmagalhaes_learning-COBOL/PROGCOBHELLOCOBOL.cob
RB000161,lucasrmagalhaes_learning-COBOL,lucasrmagalhaes_learning-COBOL/PROGCOBHELLOCOBOL.cob
RB000162,lucasrmagalhaes_learning-COBOL,lucasrmagalhaes_learning-COBOL/CLIENTES.cbl
RB000163,lucasrmagalhaes_learning-COBOL,lucasrmagalhaes_learning-COBOL/PROGCOBDESAFIODANTE.cbl
RB000164,lucasrmagalhaes_learning-COBOL,lucasrmagalhaes_learning-COBOL/PROGCOBINVESTIMENTOFINANCEIRO.cob
RB000165,lucasrmagalhaes_learning-COBOL,lucasrmagalhaes_learning-COBOL/INCLUSAODADOS.cbl
RB000166,lucasrmagalhaes_learning-COBOL,lucasrmagalhaes_learning-COBOL/RELATORIOEMDISCO.cbl
RB000167,lucasrmagalhaes_learning-COBOL,lucasrmagalhaes_learning-COBOL/RELATORIOEMDISCO.cbl
RB000168,lucasrmagalhaes_learning-COBOL,lucasrmagalhaes_learning-COBOL/PROGCOBAUMENTOSALARIAL.cob
RB000169,lucasrmagalhaes_learning-COBOL,lucasrmagalhaes_learning-COBOL/PROGCOB01.cob
RB000170,lucasrmagalhaes_learning-COBOL,lucasrmagalhaes_learning-COBOL/PROGCOB07.cbl
RB000171,lucasrmagalhaes_learning-COBOL,lucasrmagalhaes_learning-COBOL/PROGCOBSTRING.cob
RB000172,lucasrmagalhaes_learning-COBOL,lucasrmagalhaes_learning-COBOL/PROGCOB08.cbl
RB000173,lucasrmagalhaes_learning-COBOL,lucasrmagalhaes_learning-COBOL/PROGCOB08.cbl
RB000174,lucasrmagalhaes_learning-COBOL,lucasrmagalhaes_learning-COBOL/GERANDORELATORIO.cbl
RB000175,lucasrmagalhaes_learning-COBOL,lucasrmagalhaes_learning-COBOL/GERANDORELATORIO.cbl
RB000176,lucasrmagalhaes_learning-COBOL,lucasrmagalhaes_learning-COBOL/RELATORIOEMTELA01.cob
RB000177,lucasrmagalhaes_learning-COBOL,lucasrmagalhaes_learning-COBOL/RELATORIOEMTELA01.cob
RB000178,lucasrmagalhaes_learning-COBOL,lucasrmagalhaes_learning-COBOL/PROGCOBCPF.cob
RB000179,lucasrmagalhaes_learning-COBOL,lucasrmagalhaes_learning-COBOL/PROGCOB04.cob
RB000180,lucasrmagalhaes_learning-COBOL,lucasrmagalhaes_learning-COBOL/PROGCOB13.cob
RB000181,lucasrmagalhaes_learning-COBOL,lucasrmagalhaes_learning-COBOL/SUBMENU.cbl
RB000182,lucasrmagalhaes_learning-COBOL,lucasrmagalhaes_learning-COBOL/MENU02.cbl
RB000183,lucasrmagalhaes_learning-COBOL,lucasrmagalhaes_learning-COBOL/MENU02.cbl
RB000184,lucasrmagalhaes_learning-COBOL,lucasrmagalhaes_learning-COBOL/ENCERRANDOMENU.cbl
RB000185,lucasrmagalhaes_learning-COBOL,lucasrmagalhaes_learning-COBOL/PROGCOB09.cob
RB000186,lucasrmagalhaes_learning-COBOL,lucasrmagalhaes_learning-COBOL/PROGCOB09.cob
RB000187,debinix_openjensen,debinix_openjensen/toolchaintest.cbl
RB000188,debinix_openjensen,debinix_openjensen/error-printscr.cbl
RB000189,debinix_openjensen,debinix_openjensen/error-printscr.cbl
RB000190,debinix_openjensen,debinix_openjensen/test-utf8.cbl
RB000191,debinix_openjensen,debinix_openjensen/toolchaindisplaytest.cbl
RB000192,debinix_openjensen,debinix_openjensen/cgi-remove-local.cbl
RB000193,debinix_openjensen,debinix_openjensen/cgi-remove-local.cbl
RB000194,debinix_openjensen,debinix_openjensen/cgi-list-local.cbl
RB000195,debinix_openjensen,debinix_openjensen/cgi-list-users.cbl
RB000196,debinix_openjensen,debinix_openjensen/cgi-list-users.cbl
RB000197,debinix_openjensen,debinix_openjensen/cgi-add-user.cbl
RB000198,debinix_openjensen,debinix_openjensen/cgi-add-user.cbl
RB000199,debinix_openjensen,debinix_openjensen/ok-printscr.cbl
RB000200,debinix_openjensen,debinix_openjensen/write-post-string.cbl
RB000201,debinix_openjensen,debinix_openjensen/test-php-unlink.cbl
RB000202,debinix_openjensen,debinix_openjensen/cgi-edit-betyg.cbl
RB000203,debinix_openjensen,debinix_openjensen/wui-start-html.cbl
RB000204,bmcsoftware_vscode-ispw,bmcsoftware_vscode-ispw/TPROG07.cbl
RB000205,bmcsoftware_vscode-ispw,bmcsoftware_vscode-ispw/TPROG07.cbl
RB000206,bmcsoftware_vscode-ispw,bmcsoftware_vscode-ispw/TPROG01.cbl
RB000207,bmcsoftware_vscode-ispw,bmcsoftware_vscode-ispw/TPROG01.cbl
RB000208,bmcsoftware_vscode-ispw,bmcsoftware_vscode-ispw/TPROG04.cbl
RB000209,bmcsoftware_vscode-ispw,bmcsoftware_vscode-ispw/TSUBR04.cbl
RB000210,bmcsoftware_vscode-ispw,bmcsoftware_vscode-ispw/TSUBR04.cbl
RB000211,bmcsoftware_vscode-ispw,bmcsoftware_vscode-ispw/TPROG05.cbl
RB000212,bmcsoftware_vscode-ispw,bmcsoftware_vscode-ispw/TPROG05.cbl
RB000213,bmcsoftware_vscode-ispw,bmcsoftware_vscode-ispw/TSUBR03.cbl
RB000214,bmcsoftware_vscode-ispw,bmcsoftware_vscode-ispw/TPROG08.cbl
RB000215,bmcsoftware_vscode-ispw,bmcsoftware_vscode-ispw/TPROG08.cbl
RB000216,bmcsoftware_vscode-ispw,bmcsoftware_vscode-ispw/CWBWDATE.cbl
RB000217,bmcsoftware_vscode-ispw,bmcsoftware_vscode-ispw/CWKTDATE.cbl
RB000218,bmcsoftware_vscode-ispw,bmcsoftware_vscode-ispw/TPROG06.cbl
RB000219,bmcsoftware_vscode-ispw,bmcsoftware_vscode-ispw/TPROG06.cbl
RB000220,bmcsoftware_vscode-ispw,bmcsoftware_vscode-ispw/TSUBR07.cbl
RB000221,bmcsoftware_vscode-ispw,bmcsoftware_vscode-ispw/TSUBR06.cbl
RB000222,bmcsoftware_vscode-ispw,bmcsoftware_vscode-ispw/TSUBR06.cbl
RB000223,bmcsoftware_vscode-ispw,bmcsoftware_vscode-ispw/TPROG10.cbl
RB000224,bmcsoftware_vscode-ispw,bmcsoftware_vscode-ispw/TSUBR08.cbl
RB000225,bmcsoftware_vscode-ispw,bmcsoftware_vscode-ispw/TSUBR08.cbl
RB000226,bmcsoftware_vscode-ispw,bmcsoftware_vscode-ispw/TPROG03.cbl
RB000227,bmcsoftware_vscode-ispw,bmcsoftware_vscode-ispw/TPROG03.cbl
RB000228,bmcsoftware_vscode-ispw,bmcsoftware_vscode-ispw/CWBWSUBC.cbl
RB000229,bmcsoftware_vscode-ispw,bmcsoftware_vscode-ispw/CWBWSUBC.cbl
RB000230,bmcsoftware_vscode-ispw,bmcsoftware_vscode-ispw/TSUBR01.cbl
RB000231,bmcsoftware_vscode-ispw,bmcsoftware_vscode-ispw/TSUBR01.cbl
RB000232,bmcsoftware_vscode-ispw,bmcsoftware_vscode-ispw/TSUBR02.cbl
RB000233,bmcsoftware_vscode-ispw,bmcsoftware_vscode-ispw/TSUBR02.cbl
RB000234,z390development_z390,z390development_z390/TESTCAL2.CBL
RB000235,z390development_z390,z390development_z390/P8JFC.CBL
RB000236,z390development_z390,z390development_z390/P8JFC.CBL
RB000237,z390development_z390,z390development_z390/TESTFUN1.CBL
RB000238,z390development_z390,z390development_z390/TESTRMD1.CBL
RB000239,z390development_z390,z390development_z390/TESTPIC1.CBL
RB000240,z390development_z390,z390development_z390/TESTPIC1.CBL
RB000241,z390development_z390,z390development_z390/TESTMOV1.CBL
RB000242,z390development_z390,z390development_z390/TESTPM3.CBL
RB000243,z390development_z390,z390development_z390/TESTPM3.CBL
RB000244,z390development_z390,z390development_z390/POWERS.CBL
RB000245,z390development_z390,z390development_z390/TESTFIL2.CBL
RB000246,z390development_z390,z390development_z390/TESTFIL2.CBL
RB000247,z390development_z390,z390development_z390/TESTGO1.CBL
RB000248,z390development_z390,z390development_z390/TESTMPY2.CBL
RB000249,z390development_z390,z390development_z390/TESTBEC9.CBL
RB000250,z390development_z390,z390development_z390/TESTBEC9.CBL
RB000251,z390development_z390,z390development_z390/COPYFILE.CBL
RB000252,z390development_z390,z390development_z390/TESTMOV2.CBL
RB000253,z390development_z390,z390development_z390/TESTMOV2.CBL
RB000254,z390development_z390,z390development_z390/TESTIF2.CBL
RB000255,z390development_z390,z390development_z390/TESTCAL3.CBL
RB000256,z390development_z390,z390development_z390/TESTDFP1.CBL
RB000257,z390development_z390,z390development_z390/TESTDFP1.CBL
RB000258,z390development_z390,z390development_z390/TESTBEC1.CBL
RB000259,z390development_z390,z390development_z390/TESTIF1.CBL
RB000260,z390development_z390,z390development_z390/TESTSIX1.CBL
RB000261,z390development_z390,z390development_z390/TESTSIX1.CBL
RB000262,z390development_z390,z390development_z390/TESTBEC6.CBL
RB000263,z390development_z390,z390development_z390/TESTTRC3.CBL
RB000264,z390development_z390,z390development_z390/TESTFIL1.CBL
RB000265,z390development_z390,z390development_z390/TESTIF3.CBL
RB000266,z390development_z390,z390development_z390/TESTDIV1.CBL
RB000267,z390development_z390,z390development_z390/TESTDIV1.CBL
RB000268,z390development_z390,z390development_z390/DEMOMAIN.CBL
RB000269,z390development_z390,z390development_z390/DEMOMAIN.CBL
RB000270,neopragma_cobol-unit-test,neopragma_cobol-unit-test/CICSDEMO.CBL
RB000271,neopragma_cobol-unit-test,neopragma_cobol-unit-test/CARD3D.CBL
RB000272,neopragma_cobol-unit-test,neopragma_cobol-unit-test/convert-bad.cbl
RB000273,neopragma_cobol-unit-test,neopragma_cobol-unit-test/FILEDEMO.CBL
RB000274,neopragma_cobol-unit-test,neopragma_cobol-unit-test/CARD2D.CBL
RB000275,neopragma_cobol-unit-test,neopragma_cobol-unit-test/CARD2D.CBL
RB000276,neopragma_cobol-unit-test,neopragma_cobol-unit-test/CICSDRIV.CBL
RB000277,neopragma_cobol-unit-test,neopragma_cobol-unit-test/CICSDRIV.CBL
RB000278,neopragma_cobol-unit-test,neopragma_cobol-unit-test/SUBPROGD.CBL
RB000279,neopragma_cobol-unit-test,neopragma_cobol-unit-test/CARD1.CBL
RB000280,neopragma_cobol-unit-test,neopragma_cobol-unit-test/CARD1.CBL
RB000281,neopragma_cobol-unit-test,neopragma_cobol-unit-test/CARD1.CBL
RB000282,neopragma_cobol-unit-test,neopragma_cobol-unit-test/SUBPROG.CBL
RB000283,neopragma_cobol-unit-test,neopragma_cobol-unit-test/INVDATE.CBL
RB000284,neopragma_cobol-unit-test,neopragma_cobol-unit-test/CARD3.CBL
RB000285,neopragma_cobol-unit-test,neopragma_cobol-unit-test/CARD2.CBL
